[{"pk": 23, "model": "courses.coursegoal", "fields": {"description": "", "short_name": "Word Inflection", "created_by": ["asdf"], "course": 1, "percent_goals_completed": 100.0, "threshold": 80.0}}, {"pk": 24, "model": "courses.coursegoal", "fields": {"description": "World vocabulary for sam-1031-1", "short_name": "World Vocabulary (1)", "created_by": ["asdf"], "course": 1, "percent_goals_completed": 100.0, "threshold": null}}, {"pk": 25, "model": "courses.coursegoal", "fields": {"description": "World vocabulary for sam-1031-2", "short_name": "World Vocabulary (2)", "created_by": ["asdf"], "course": 1, "percent_goals_completed": 100.0, "threshold": null}}, {"pk": 26, "model": "courses.coursegoal", "fields": {"description": "", "short_name": "Numerals", "created_by": ["asdf"], "course": 1, "percent_goals_completed": 100.0, "threshold": 80.0}}, {"pk": 27, "model": "courses.coursegoal", "fields": {"description": "Practise morphology in context", "short_name": "Morphology in context", "created_by": ["asdf"], "course": 1, "percent_goals_completed": 100.0, "threshold": 80.0}}, {"pk": 59, "model": "courses.goal", "fields": {"short_name": "Nouns: Illative", "correct_first_try": false, "created_by": ["asdf"], "minimum_sets_attempted": 5, "course": null, "url_base": "/morfas/s/", "threshold": 80.0, "main_type": "morfas", "sub_type": "morfa_s_noun"}}, {"pk": 60, "model": "courses.goal", "fields": {"short_name": "Nouns: plural", "correct_first_try": false, "created_by": ["asdf"], "minimum_sets_attempted": 5, "course": null, "url_base": "/morfas/s/", "threshold": 80.0, "main_type": "morfas", "sub_type": "morfa_s_noun"}}, {"pk": 61, "model": "courses.goal", "fields": {"short_name": "Nouns: accusative", "correct_first_try": false, "created_by": ["asdf"], "minimum_sets_attempted": 5, "course": null, "url_base": "/morfas/s/", "threshold": 80.0, "main_type": "morfas", "sub_type": "morfa_s_noun"}}, {"pk": 62, "model": "courses.goal", "fields": {"short_name": "Nouns: Locative", "correct_first_try": false, "created_by": ["asdf"], "minimum_sets_attempted": 5, "course": null, "url_base": "/morfas/s/", "threshold": 80.0, "main_type": "morfas", "sub_type": "morfa_s_noun"}}, {"pk": 63, "model": "courses.goal", "fields": {"short_name": "Nouns: comitative", "correct_first_try": false, "created_by": ["asdf"], "minimum_sets_attempted": 5, "course": null, "url_base": "/morfas/s/", "threshold": 80.0, "main_type": "morfas", "sub_type": "morfa_s_noun"}}, {"pk": 64, "model": "courses.goal", "fields": {"short_name": "Nouns: genitive", "correct_first_try": false, "created_by": ["asdf"], "minimum_sets_attempted": 5, "course": null, "url_base": "/morfas/s/", "threshold": 80.0, "main_type": "morfas", "sub_type": "morfa_s_noun"}}, {"pk": 65, "model": "courses.goal", "fields": {"short_name": "Nouns: essive", "correct_first_try": false, "created_by": ["asdf"], "minimum_sets_attempted": 5, "course": null, "url_base": "/morfas/s/", "threshold": 80.0, "main_type": "morfas", "sub_type": "morfa_s_noun"}}, {"pk": 66, "model": "courses.goal", "fields": {"short_name": "Verbs: Present", "correct_first_try": false, "created_by": ["asdf"], "minimum_sets_attempted": 5, "course": null, "url_base": "/morfas/v/", "threshold": 80.0, "main_type": "morfas", "sub_type": "morfa_s_verb"}}, {"pk": 67, "model": "courses.goal", "fields": {"short_name": "Verbs: perfect", "correct_first_try": false, "created_by": ["asdf"], "minimum_sets_attempted": 5, "course": null, "url_base": "/morfas/v/", "threshold": 80.0, "main_type": "morfas", "sub_type": "morfa_s_verb"}}, {"pk": 68, "model": "courses.goal", "fields": {"short_name": "Adjectives: attributive", "correct_first_try": false, "created_by": ["asdf"], "minimum_sets_attempted": 5, "course": null, "url_base": "/morfas/a/", "threshold": 80.0, "main_type": "morfas", "sub_type": "morfa_s_adj"}}, {"pk": 69, "model": "courses.goal", "fields": {"short_name": "Pronouns: Accusative", "correct_first_try": false, "created_by": ["asdf"], "minimum_sets_attempted": 5, "course": null, "url_base": "/morfas/p/", "threshold": 80.0, "main_type": "morfas", "sub_type": "morfa_s_pron"}}, {"pk": 70, "model": "courses.goal", "fields": {"short_name": "Pronouns: Illative", "correct_first_try": false, "created_by": ["asdf"], "minimum_sets_attempted": 5, "course": null, "url_base": "/morfas/p/", "threshold": 80.0, "main_type": "morfas", "sub_type": "morfa_s_pron"}}, {"pk": 71, "model": "courses.goal", "fields": {"short_name": "Pronouns: locative", "correct_first_try": false, "created_by": ["asdf"], "minimum_sets_attempted": 5, "course": null, "url_base": "/morfas/p/", "threshold": 80.0, "main_type": "morfas", "sub_type": "morfa_s_pron"}}, {"pk": 72, "model": "courses.goal", "fields": {"short_name": "Pronouns: comitative", "correct_first_try": false, "created_by": ["asdf"], "minimum_sets_attempted": 5, "course": null, "url_base": "/morfas/p/", "threshold": 80.0, "main_type": "morfas", "sub_type": "morfa_s_pron"}}, {"pk": 73, "model": "courses.goal", "fields": {"short_name": "Pronouns: genitive", "correct_first_try": false, "created_by": ["asdf"], "minimum_sets_attempted": 5, "course": null, "url_base": "/morfas/p/", "threshold": 80.0, "main_type": "morfas", "sub_type": "morfa_s_pron"}}, {"pk": 74, "model": "courses.goal", "fields": {"short_name": "North Sami -> Norwegian", "correct_first_try": false, "created_by": ["asdf"], "minimum_sets_attempted": 5, "course": null, "url_base": "/leksa/sted/", "threshold": 80.0, "main_type": "leksa", "sub_type": "leksa_place"}}, {"pk": 75, "model": "courses.goal", "fields": {"short_name": "Norwegian -> North Sami", "correct_first_try": false, "created_by": ["asdf"], "minimum_sets_attempted": 5, "course": null, "url_base": "/leksa/sted/", "threshold": 80.0, "main_type": "leksa", "sub_type": "leksa_place"}}, {"pk": 76, "model": "courses.goal", "fields": {"short_name": "North Sami -> Norwegian", "correct_first_try": false, "created_by": ["asdf"], "minimum_sets_attempted": 5, "course": null, "url_base": "/leksa/sted/", "threshold": 80.0, "main_type": "leksa", "sub_type": "leksa_place"}}, {"pk": 77, "model": "courses.goal", "fields": {"short_name": "Norwegian -> North Sami", "correct_first_try": false, "created_by": ["asdf"], "minimum_sets_attempted": 5, "course": null, "url_base": "/leksa/sted/", "threshold": 80.0, "main_type": "leksa", "sub_type": "leksa_place"}}, {"pk": 78, "model": "courses.goal", "fields": {"short_name": "Cardinal numbers: write numerals", "correct_first_try": false, "created_by": ["asdf"], "minimum_sets_attempted": 5, "course": null, "url_base": "/numra/", "threshold": 80.0, "main_type": "numra", "sub_type": "numra_number"}}, {"pk": 79, "model": "courses.goal", "fields": {"short_name": "Cardinal numbers: write words", "correct_first_try": false, "created_by": ["asdf"], "minimum_sets_attempted": 5, "course": null, "url_base": "/numra/", "threshold": 80.0, "main_type": "numra", "sub_type": "numra_number"}}, {"pk": 80, "model": "courses.goal", "fields": {"short_name": "Clock: write words", "correct_first_try": false, "created_by": ["asdf"], "minimum_sets_attempted": 5, "course": null, "url_base": "/numra/klokka/", "threshold": 80.0, "main_type": "numra", "sub_type": "numra_klokka"}}, {"pk": 81, "model": "courses.goal", "fields": {"short_name": "Date: write words", "correct_first_try": false, "created_by": ["asdf"], "minimum_sets_attempted": 5, "course": null, "url_base": "/numra/dato/", "threshold": 80.0, "main_type": "numra", "sub_type": "numra_dato"}}, {"pk": 82, "model": "courses.goal", "fields": {"short_name": "Nouns: plural", "correct_first_try": false, "created_by": ["asdf"], "minimum_sets_attempted": 3, "course": null, "url_base": "/morfac/s/", "threshold": 80.0, "main_type": "morfac", "sub_type": "morfa_c_noun"}}, {"pk": 83, "model": "courses.goal", "fields": {"short_name": "Nouns: accusative", "correct_first_try": false, "created_by": ["asdf"], "minimum_sets_attempted": 3, "course": null, "url_base": "/morfac/s/", "threshold": 80.0, "main_type": "morfac", "sub_type": "morfa_c_noun"}}, {"pk": 84, "model": "courses.goal", "fields": {"short_name": "Nouns: genitive", "correct_first_try": false, "created_by": ["asdf"], "minimum_sets_attempted": 3, "course": null, "url_base": "/morfac/s/", "threshold": 80.0, "main_type": "morfac", "sub_type": "morfa_c_noun"}}, {"pk": 85, "model": "courses.goal", "fields": {"short_name": "Nouns: illative", "correct_first_try": false, "created_by": ["asdf"], "minimum_sets_attempted": 3, "course": null, "url_base": "/morfac/s/", "threshold": 80.0, "main_type": "morfac", "sub_type": "morfa_c_noun"}}, {"pk": 86, "model": "courses.goal", "fields": {"short_name": "Nouns: locative", "correct_first_try": false, "created_by": ["asdf"], "minimum_sets_attempted": 3, "course": null, "url_base": "/morfac/s/", "threshold": 80.0, "main_type": "morfac", "sub_type": "morfa_c_noun"}}, {"pk": 87, "model": "courses.goal", "fields": {"short_name": "Nouns: comitative", "correct_first_try": false, "created_by": ["asdf"], "minimum_sets_attempted": 3, "course": null, "url_base": "/morfac/s/", "threshold": 80.0, "main_type": "morfac", "sub_type": "morfa_c_noun"}}, {"pk": 88, "model": "courses.goal", "fields": {"short_name": "Nouns: essive", "correct_first_try": false, "created_by": ["asdf"], "minimum_sets_attempted": 5, "course": null, "url_base": "/morfac/s/", "threshold": 80.0, "main_type": "morfac", "sub_type": "morfa_c_noun"}}, {"pk": 89, "model": "courses.goal", "fields": {"short_name": "Nouns: mix", "correct_first_try": false, "created_by": ["asdf"], "minimum_sets_attempted": 3, "course": null, "url_base": "/morfac/s/", "threshold": 80.0, "main_type": "morfac", "sub_type": "morfa_c_noun"}}, {"pk": 82, "model": "courses.coursegoalgoal", "fields": {"coursegoal": 23, "goal": 59}}, {"pk": 83, "model": "courses.coursegoalgoal", "fields": {"coursegoal": 23, "goal": 60}}, {"pk": 84, "model": "courses.coursegoalgoal", "fields": {"coursegoal": 23, "goal": 61}}, {"pk": 85, "model": "courses.coursegoalgoal", "fields": {"coursegoal": 23, "goal": 62}}, {"pk": 86, "model": "courses.coursegoalgoal", "fields": {"coursegoal": 23, "goal": 63}}, {"pk": 87, "model": "courses.coursegoalgoal", "fields": {"coursegoal": 23, "goal": 64}}, {"pk": 88, "model": "courses.coursegoalgoal", "fields": {"coursegoal": 23, "goal": 65}}, {"pk": 89, "model": "courses.coursegoalgoal", "fields": {"coursegoal": 23, "goal": 66}}, {"pk": 90, "model": "courses.coursegoalgoal", "fields": {"coursegoal": 23, "goal": 67}}, {"pk": 91, "model": "courses.coursegoalgoal", "fields": {"coursegoal": 23, "goal": 68}}, {"pk": 92, "model": "courses.coursegoalgoal", "fields": {"coursegoal": 23, "goal": 69}}, {"pk": 93, "model": "courses.coursegoalgoal", "fields": {"coursegoal": 23, "goal": 70}}, {"pk": 94, "model": "courses.coursegoalgoal", "fields": {"coursegoal": 23, "goal": 71}}, {"pk": 95, "model": "courses.coursegoalgoal", "fields": {"coursegoal": 23, "goal": 72}}, {"pk": 96, "model": "courses.coursegoalgoal", "fields": {"coursegoal": 23, "goal": 73}}, {"pk": 97, "model": "courses.coursegoalgoal", "fields": {"coursegoal": 24, "goal": 74}}, {"pk": 98, "model": "courses.coursegoalgoal", "fields": {"coursegoal": 24, "goal": 75}}, {"pk": 99, "model": "courses.coursegoalgoal", "fields": {"coursegoal": 25, "goal": 76}}, {"pk": 100, "model": "courses.coursegoalgoal", "fields": {"coursegoal": 25, "goal": 77}}, {"pk": 101, "model": "courses.coursegoalgoal", "fields": {"coursegoal": 26, "goal": 78}}, {"pk": 102, "model": "courses.coursegoalgoal", "fields": {"coursegoal": 26, "goal": 79}}, {"pk": 103, "model": "courses.coursegoalgoal", "fields": {"coursegoal": 26, "goal": 80}}, {"pk": 104, "model": "courses.coursegoalgoal", "fields": {"coursegoal": 26, "goal": 81}}, {"pk": 105, "model": "courses.coursegoalgoal", "fields": {"coursegoal": 27, "goal": 82}}, {"pk": 106, "model": "courses.coursegoalgoal", "fields": {"coursegoal": 27, "goal": 83}}, {"pk": 107, "model": "courses.coursegoalgoal", "fields": {"coursegoal": 27, "goal": 84}}, {"pk": 108, "model": "courses.coursegoalgoal", "fields": {"coursegoal": 27, "goal": 85}}, {"pk": 109, "model": "courses.coursegoalgoal", "fields": {"coursegoal": 27, "goal": 86}}, {"pk": 110, "model": "courses.coursegoalgoal", "fields": {"coursegoal": 27, "goal": 87}}, {"pk": 111, "model": "courses.coursegoalgoal", "fields": {"coursegoal": 27, "goal": 88}}, {"pk": 112, "model": "courses.coursegoalgoal", "fields": {"coursegoal": 27, "goal": 89}}, {"pk": 136, "model": "courses.goalparameter", "fields": {"parameter": "case", "goal": 59, "value": "N-ILL"}}, {"pk": 137, "model": "courses.goalparameter", "fields": {"parameter": "case", "goal": 60, "value": "NOMPL"}}, {"pk": 138, "model": "courses.goalparameter", "fields": {"parameter": "case", "goal": 61, "value": "N-ACC"}}, {"pk": 139, "model": "courses.goalparameter", "fields": {"parameter": "case", "goal": 62, "value": "N-LOC"}}, {"pk": 140, "model": "courses.goalparameter", "fields": {"parameter": "case", "goal": 63, "value": "N-COM"}}, {"pk": 141, "model": "courses.goalparameter", "fields": {"parameter": "case", "goal": 64, "value": "N-GEN"}}, {"pk": 142, "model": "courses.goalparameter", "fields": {"parameter": "case", "goal": 65, "value": "N-ESS"}}, {"pk": 143, "model": "courses.goalparameter", "fields": {"parameter": "vtype", "goal": 66, "value": "PRS"}}, {"pk": 144, "model": "courses.goalparameter", "fields": {"parameter": "vtype", "goal": 67, "value": "PRF"}}, {"pk": 145, "model": "courses.goalparameter", "fields": {"parameter": "grade", "goal": 68, "value": "POS"}}, {"pk": 146, "model": "courses.goalparameter", "fields": {"parameter": "adjcase", "goal": 68, "value": "ATTR"}}, {"pk": 147, "model": "courses.goalparameter", "fields": {"parameter": "pron_type", "goal": 69, "value": "Pers"}}, {"pk": 148, "model": "courses.goalparameter", "fields": {"parameter": "proncase", "goal": 69, "value": "N-ACC"}}, {"pk": 149, "model": "courses.goalparameter", "fields": {"parameter": "pron_type", "goal": 70, "value": "Pers"}}, {"pk": 150, "model": "courses.goalparameter", "fields": {"parameter": "proncase", "goal": 70, "value": "N-ILL"}}, {"pk": 151, "model": "courses.goalparameter", "fields": {"parameter": "pron_type", "goal": 71, "value": "Pers"}}, {"pk": 152, "model": "courses.goalparameter", "fields": {"parameter": "proncase", "goal": 71, "value": "N-LOC"}}, {"pk": 153, "model": "courses.goalparameter", "fields": {"parameter": "pron_type", "goal": 72, "value": "Pers"}}, {"pk": 154, "model": "courses.goalparameter", "fields": {"parameter": "proncase", "goal": 72, "value": "N-COM"}}, {"pk": 155, "model": "courses.goalparameter", "fields": {"parameter": "pron_type", "goal": 73, "value": "Pers"}}, {"pk": 156, "model": "courses.goalparameter", "fields": {"parameter": "proncase", "goal": 73, "value": "N-GEN"}}, {"pk": 157, "model": "courses.goalparameter", "fields": {"parameter": "transtype", "goal": 74, "value": "smenob"}}, {"pk": 158, "model": "courses.goalparameter", "fields": {"parameter": "common", "goal": 74, "value": "common"}}, {"pk": 159, "model": "courses.goalparameter", "fields": {"parameter": "geography", "goal": 74, "value": "world"}}, {"pk": 160, "model": "courses.goalparameter", "fields": {"parameter": "transtype", "goal": 75, "value": "nobsme"}}, {"pk": 161, "model": "courses.goalparameter", "fields": {"parameter": "common", "goal": 75, "value": "common"}}, {"pk": 162, "model": "courses.goalparameter", "fields": {"parameter": "geography", "goal": 75, "value": "world"}}, {"pk": 163, "model": "courses.goalparameter", "fields": {"parameter": "transtype", "goal": 76, "value": "smenob"}}, {"pk": 164, "model": "courses.goalparameter", "fields": {"parameter": "common", "goal": 76, "value": "common"}}, {"pk": 165, "model": "courses.goalparameter", "fields": {"parameter": "geography", "goal": 76, "value": "world"}}, {"pk": 166, "model": "courses.goalparameter", "fields": {"parameter": "transtype", "goal": 77, "value": "nobsme"}}, {"pk": 167, "model": "courses.goalparameter", "fields": {"parameter": "common", "goal": 77, "value": "common"}}, {"pk": 168, "model": "courses.goalparameter", "fields": {"parameter": "geography", "goal": 77, "value": "world"}}, {"pk": 169, "model": "courses.goalparameter", "fields": {"parameter": "source", "goal": 77, "value": "sam1031_2"}}, {"pk": 170, "model": "courses.goalparameter", "fields": {"parameter": "source", "goal": 76, "value": "sam1031_2"}}, {"pk": 171, "model": "courses.goalparameter", "fields": {"parameter": "source", "goal": 75, "value": "sam1031_1"}}, {"pk": 172, "model": "courses.goalparameter", "fields": {"parameter": "source", "goal": 74, "value": "sam1031_1"}}, {"pk": 173, "model": "courses.goalparameter", "fields": {"parameter": "numgame", "goal": 78, "value": "string"}}, {"pk": 174, "model": "courses.goalparameter", "fields": {"parameter": "maxnum", "goal": 78, "value": "100"}}, {"pk": 175, "model": "courses.goalparameter", "fields": {"parameter": "numgame", "goal": 79, "value": "numeral"}}, {"pk": 176, "model": "courses.goalparameter", "fields": {"parameter": "maxnum", "goal": 79, "value": "100"}}, {"pk": 177, "model": "courses.goalparameter", "fields": {"parameter": "numgame", "goal": 80, "value": "numeral"}}, {"pk": 178, "model": "courses.goalparameter", "fields": {"parameter": "maxnum", "goal": 80, "value": "10"}}, {"pk": 179, "model": "courses.goalparameter", "fields": {"parameter": "gametype", "goal": 80, "value": "kl3"}}, {"pk": 180, "model": "courses.goalparameter", "fields": {"parameter": "numgame", "goal": 81, "value": "numeral"}}, {"pk": 181, "model": "courses.goalparameter", "fields": {"parameter": "case_context", "goal": 82, "value": "N-NOM-PL"}}, {"pk": 182, "model": "courses.goalparameter", "fields": {"parameter": "case_context", "goal": 83, "value": "N-ACC"}}, {"pk": 183, "model": "courses.goalparameter", "fields": {"parameter": "case_context", "goal": 84, "value": "N-GEN"}}, {"pk": 184, "model": "courses.goalparameter", "fields": {"parameter": "case_context", "goal": 85, "value": "N-ILL"}}, {"pk": 185, "model": "courses.goalparameter", "fields": {"parameter": "case_context", "goal": 86, "value": "N-LOC"}}, {"pk": 186, "model": "courses.goalparameter", "fields": {"parameter": "case_context", "goal": 87, "value": "N-COM"}}, {"pk": 187, "model": "courses.goalparameter", "fields": {"parameter": "case_context", "goal": 88, "value": "N-ESS"}}, {"pk": 188, "model": "courses.goalparameter", "fields": {"parameter": "case_context", "goal": 89, "value": "N-MIX"}}]