[{"pk": 23, "model": "courses.coursegoal", "fields": {"description": "", "short_name": "Word Inflection", "created_by": 1, "course": 1, "percent_goals_completed": 100.0, "threshold": 80.0}}, {"pk": 59, "model": "courses.goal", "fields": {"short_name": "Nouns: Illative", "correct_first_try": false, "created_by": 1, "minimum_sets_attempted": 5, "course": null, "url_base": "/morfas/s/", "threshold": 80.0, "main_type": "morfas", "sub_type": "morfa_s_noun"}}, {"pk": 60, "model": "courses.goal", "fields": {"short_name": "Nouns: plural", "correct_first_try": false, "created_by": 1, "minimum_sets_attempted": 5, "course": null, "url_base": "/morfas/s/", "threshold": 80.0, "main_type": "morfas", "sub_type": "morfa_s_noun"}}, {"pk": 61, "model": "courses.goal", "fields": {"short_name": "Nouns: accusative", "correct_first_try": false, "created_by": 1, "minimum_sets_attempted": 5, "course": null, "url_base": "/morfas/s/", "threshold": 80.0, "main_type": "morfas", "sub_type": "morfa_s_noun"}}, {"pk": 62, "model": "courses.goal", "fields": {"short_name": "Nouns: Locative", "correct_first_try": false, "created_by": 1, "minimum_sets_attempted": 5, "course": null, "url_base": "/morfas/s/", "threshold": 80.0, "main_type": "morfas", "sub_type": "morfa_s_noun"}}, {"pk": 63, "model": "courses.goal", "fields": {"short_name": "Nouns: comitative", "correct_first_try": false, "created_by": 1, "minimum_sets_attempted": 5, "course": null, "url_base": "/morfas/s/", "threshold": 80.0, "main_type": "morfas", "sub_type": "morfa_s_noun"}}, {"pk": 64, "model": "courses.goal", "fields": {"short_name": "Nouns: genitive", "correct_first_try": false, "created_by": 1, "minimum_sets_attempted": 5, "course": null, "url_base": "/morfas/s/", "threshold": 80.0, "main_type": "morfas", "sub_type": "morfa_s_noun"}}, {"pk": 65, "model": "courses.goal", "fields": {"short_name": "Nouns: essive", "correct_first_try": false, "created_by": 1, "minimum_sets_attempted": 5, "course": null, "url_base": "/morfas/s/", "threshold": 80.0, "main_type": "morfas", "sub_type": "morfa_s_noun"}}, {"pk": 66, "model": "courses.goal", "fields": {"short_name": "Verbs: Present", "correct_first_try": false, "created_by": 1, "minimum_sets_attempted": 5, "course": null, "url_base": "/morfas/v/", "threshold": 80.0, "main_type": "morfas", "sub_type": "morfa_s_verb"}}, {"pk": 67, "model": "courses.goal", "fields": {"short_name": "Verbs: perfect", "correct_first_try": false, "created_by": 1, "minimum_sets_attempted": 5, "course": null, "url_base": "/morfas/v/", "threshold": 80.0, "main_type": "morfas", "sub_type": "morfa_s_verb"}}, {"pk": 68, "model": "courses.goal", "fields": {"short_name": "Adjectives: attributive", "correct_first_try": false, "created_by": 1, "minimum_sets_attempted": 5, "course": null, "url_base": "/morfas/a/", "threshold": 80.0, "main_type": "morfas", "sub_type": "morfa_s_adj"}}, {"pk": 69, "model": "courses.goal", "fields": {"short_name": "Pronouns: Accusative", "correct_first_try": false, "created_by": 1, "minimum_sets_attempted": 5, "course": null, "url_base": "/morfas/p/", "threshold": 80.0, "main_type": "morfas", "sub_type": "morfa_s_pron"}}, {"pk": 70, "model": "courses.goal", "fields": {"short_name": "Pronouns: Illative", "correct_first_try": false, "created_by": 1, "minimum_sets_attempted": 5, "course": null, "url_base": "/morfas/p/", "threshold": 80.0, "main_type": "morfas", "sub_type": "morfa_s_pron"}}, {"pk": 71, "model": "courses.goal", "fields": {"short_name": "Pronouns: locative", "correct_first_try": false, "created_by": 1, "minimum_sets_attempted": 5, "course": null, "url_base": "/morfas/p/", "threshold": 80.0, "main_type": "morfas", "sub_type": "morfa_s_pron"}}, {"pk": 72, "model": "courses.goal", "fields": {"short_name": "Pronouns: comitative", "correct_first_try": false, "created_by": 1, "minimum_sets_attempted": 5, "course": null, "url_base": "/morfas/p/", "threshold": 80.0, "main_type": "morfas", "sub_type": "morfa_s_pron"}}, {"pk": 73, "model": "courses.goal", "fields": {"short_name": "Pronouns: genitive", "correct_first_try": false, "created_by": 1, "minimum_sets_attempted": 5, "course": null, "url_base": "/morfas/p/", "threshold": 80.0, "main_type": "morfas", "sub_type": "morfa_s_pron"}}, {"pk": 82, "model": "courses.coursegoalgoal", "fields": {"coursegoal": 23, "goal": 59}}, {"pk": 83, "model": "courses.coursegoalgoal", "fields": {"coursegoal": 23, "goal": 60}}, {"pk": 84, "model": "courses.coursegoalgoal", "fields": {"coursegoal": 23, "goal": 61}}, {"pk": 85, "model": "courses.coursegoalgoal", "fields": {"coursegoal": 23, "goal": 62}}, {"pk": 86, "model": "courses.coursegoalgoal", "fields": {"coursegoal": 23, "goal": 63}}, {"pk": 87, "model": "courses.coursegoalgoal", "fields": {"coursegoal": 23, "goal": 64}}, {"pk": 88, "model": "courses.coursegoalgoal", "fields": {"coursegoal": 23, "goal": 65}}, {"pk": 89, "model": "courses.coursegoalgoal", "fields": {"coursegoal": 23, "goal": 66}}, {"pk": 90, "model": "courses.coursegoalgoal", "fields": {"coursegoal": 23, "goal": 67}}, {"pk": 91, "model": "courses.coursegoalgoal", "fields": {"coursegoal": 23, "goal": 68}}, {"pk": 92, "model": "courses.coursegoalgoal", "fields": {"coursegoal": 23, "goal": 69}}, {"pk": 93, "model": "courses.coursegoalgoal", "fields": {"coursegoal": 23, "goal": 70}}, {"pk": 94, "model": "courses.coursegoalgoal", "fields": {"coursegoal": 23, "goal": 71}}, {"pk": 95, "model": "courses.coursegoalgoal", "fields": {"coursegoal": 23, "goal": 72}}, {"pk": 96, "model": "courses.coursegoalgoal", "fields": {"coursegoal": 23, "goal": 73}}, {"pk": 136, "model": "courses.goalparameter", "fields": {"parameter": "case", "goal": 59, "value": "N-ILL"}}, {"pk": 137, "model": "courses.goalparameter", "fields": {"parameter": "case", "goal": 60, "value": "NOMPL"}}, {"pk": 138, "model": "courses.goalparameter", "fields": {"parameter": "case", "goal": 61, "value": "N-ACC"}}, {"pk": 139, "model": "courses.goalparameter", "fields": {"parameter": "case", "goal": 62, "value": "N-LOC"}}, {"pk": 140, "model": "courses.goalparameter", "fields": {"parameter": "case", "goal": 63, "value": "N-COM"}}, {"pk": 141, "model": "courses.goalparameter", "fields": {"parameter": "case", "goal": 64, "value": "N-GEN"}}, {"pk": 142, "model": "courses.goalparameter", "fields": {"parameter": "case", "goal": 65, "value": "N-ESS"}}, {"pk": 143, "model": "courses.goalparameter", "fields": {"parameter": "vtype", "goal": 66, "value": "PRS"}}, {"pk": 144, "model": "courses.goalparameter", "fields": {"parameter": "vtype", "goal": 67, "value": "PRF"}}, {"pk": 145, "model": "courses.goalparameter", "fields": {"parameter": "grade", "goal": 68, "value": "POS"}}, {"pk": 146, "model": "courses.goalparameter", "fields": {"parameter": "adjcase", "goal": 68, "value": "ATTR"}}, {"pk": 147, "model": "courses.goalparameter", "fields": {"parameter": "pron_type", "goal": 69, "value": "Pers"}}, {"pk": 148, "model": "courses.goalparameter", "fields": {"parameter": "proncase", "goal": 69, "value": "N-ACC"}}, {"pk": 149, "model": "courses.goalparameter", "fields": {"parameter": "pron_type", "goal": 70, "value": "Pers"}}, {"pk": 150, "model": "courses.goalparameter", "fields": {"parameter": "proncase", "goal": 70, "value": "N-ILL"}}, {"pk": 151, "model": "courses.goalparameter", "fields": {"parameter": "pron_type", "goal": 71, "value": "Pers"}}, {"pk": 152, "model": "courses.goalparameter", "fields": {"parameter": "proncase", "goal": 71, "value": "N-LOC"}}, {"pk": 153, "model": "courses.goalparameter", "fields": {"parameter": "pron_type", "goal": 72, "value": "Pers"}}, {"pk": 154, "model": "courses.goalparameter", "fields": {"parameter": "proncase", "goal": 72, "value": "N-COM"}}, {"pk": 155, "model": "courses.goalparameter", "fields": {"parameter": "pron_type", "goal": 73, "value": "Pers"}}, {"pk": 156, "model": "courses.goalparameter", "fields": {"parameter": "proncase", "goal": 73, "value": "N-GEN"}}]